color,description,id,img,link,material,price,title
blå,"Leonis 9-LED lommelykt. Stilig lykt med klart, hvitt lys fra 9 LED-pærer, armbånd og av-/på-knapp i enden. Krever 3 x AAA-batterier (ikke inkludert). Aluminium.",10410502,https://prodimg.unpr.io/itemimage/800/products/500/15963640d67124.jpg,https://www.xpressprofil.no/sortiment/andre/verktoy/lommelykter/88976640-223835/leonis-9-led-lommelykt,Aluminium.,"26,9",Leonis 9-LED lommelykt
grå,Omaha skulderveske. Skulderveske med åpent hovedrom som lukkes med klaff med spennelukking. Justerbar skulderreim. 600D polyester.,11973306,https://prodimg.unpr.io/itemimage/800/products/500/15963754e7bcc3.jpg,https://www.xpressprofil.no/sortiment/vesker/skuldervesker/89767180-226229/omaha-skulderveske,600D polyester.,"65,2",Omaha skulderveske
"naturhvit,kongeblå","Bomullsnett. Bomullsnett (227 g/m²) med åpent hovedrommet . Paneler i flere farger gjør dette til en perfekt bag for shopping, på stranden eller daglig bruk. 30 cm. doble håndtak. 227 g/m² bomull.",12025903,https://prodimg.unpr.io/itemimage/800/products/500/159637ab9d7071.jpg,https://www.xpressprofil.no/sortiment/vesker/bags-og-poser/bager/90020040-226872/bomullsnett,227 g/m² bomull.,"34,14",Bomullsnett
"hvit,lilla","Bloomington messeveske. Fint nett til en rimelig pris for messer, konferanser og forretningsmøter med friske farger og den populære dyppfargetrenden. Åpent hovedrom og penneholder i front. Håndtakene er 30 cm. Accessoirer er ikke inkludert. 600D polyester.",12010004,https://prodimg.unpr.io/itemimage/800/products/500/15963781406ee5.jpg,https://www.xpressprofil.no/sortiment/vesker/bags-og-poser/bager/89903480-226566/bloomington-messeveske,600D polyester.,"31,03",Bloomington messeveske
"hvit,kongeblå","Bloomington messeveske. Fint nett til en rimelig pris for messer, konferanser og forretningsmøter med friske farger og den populære dyppfargetrenden. Åpent hovedrom og penneholder i front. Håndtakene er 30 cm. Accessoirer er ikke inkludert. 600D polyester.",12010003,https://prodimg.unpr.io/itemimage/800/products/500/159637813a6997.jpg,https://www.xpressprofil.no/sortiment/vesker/bags-og-poser/bager/89903480-226565/bloomington-messeveske,600D polyester.,"31,03",Bloomington messeveske
"hvit,rød","Bloomington messeveske. Fint nett til en rimelig pris for messer, konferanser og forretningsmøter med friske farger og den populære dyppfargetrenden. Åpent hovedrom og penneholder i front. Håndtakene er 30 cm. Accessoirer er ikke inkludert. 600D polyester.",12010001,https://prodimg.unpr.io/itemimage/800/products/500/15963781323dc7.jpg,https://www.xpressprofil.no/sortiment/vesker/bags-og-poser/bager/89903480-226563/bloomington-messeveske,600D polyester.,"31,03",Bloomington messeveske
Orange,"Caps i bomull , 5 paneler med sandwich skjerm og borrelåsjustering",GI9120-07,https://prodimg.unpr.io/itemimage/1124/products/500/15cd64ae930b26.jpg,https://www.xpressprofil.no/sortiment/kapser-hodeplagg/kapser/112103460-408144/caps-med-6-paneler-og-sandwich,"PVC, Bomull Twill 23x23","21,32",Caps med 6 paneler og sandwich
svart ensfarget,Norquay vattert jakke dame. sateng.Innvendig stormklaff med hakebeskyttelse.Kontrastfarget glidelås sentrert i front.Håndlommer med glidelås.Formede sømmer og midje for bedre passform.Elastikk.Drastykker til glidelås med godt grep.Kontrastfarget hempe.Transferlabel for etikettfri komfort. 290T vevet 100% polyester med vannavstøtende finish. Vattering i 100% polyester. 60 g/m².,3932299,https://prodimg.unpr.io/itemimage/800/products/500/15b3357a55d8c7.jpg,https://www.xpressprofil.no/sortiment/profilklar/jakker/sesongjakker/108476940-289629/norquay-vattert-jakke-dame,290T vevet 100% polyester med vannavstøtende finish. Vattering i 100% polyester.,"610,4",Norquay vattert jakke dame
neonblå,Taggy bagasjelapp. Flip-open adresselapp med gummibånd. ID-etikett på innsiden. ABS-plast.,11989211,https://prodimg.unpr.io/itemimage/800/products/500/15a52e0ac98457.jpg,https://www.xpressprofil.no/sortiment/sport-fritid/reise/adresselappholder/89807600-253886/taggy-bagasjelapp,ABS-plast.,"4,14",Taggy bagasjelapp
sølv,"Notatbok A5 i metallfarger. Notatbok A5 med hard perm og matchende strikk, penneloop og sidemarkeringsbånd. 96 linjerte kremfargede ark (80 gr/m²) med datofelt trykket på toppen av hvert ark. Innvendig lomme bakerst for notater etc. Leveres i sort eske. PU skinn.",10705202,https://prodimg.unpr.io/itemimage/800/products/500/15988073574128.jpg,https://www.xpressprofil.no/sortiment/kontor/notatblokker/90756060-229266/notatbok-a5-i-metallfarger,PU skinn.,59,Notatbok A5 i metallfarger
gullgul,"Notatbok A5 i metallfarger. Notatbok A5 med hard perm og matchende strikk, penneloop og sidemarkeringsbånd. 96 linjerte kremfargede ark (80 gr/m²) med datofelt trykket på toppen av hvert ark. Innvendig lomme bakerst for notater etc. Leveres i sort eske. PU skinn.",10705200,https://prodimg.unpr.io/itemimage/800/products/500/159880734f2fa1.jpg,https://www.xpressprofil.no/sortiment/kontor/notatblokker/90756060-229264/notatbok-a5-i-metallfarger,PU skinn.,59,Notatbok A5 i metallfarger
blå,"Vribart lekkasjesikkert kobber vakuumisolert tumblerglass. Lekkasjesikker design, skrue-på vri åpent lokk. Dobbel kobber vakuumisolert rustfritt stålkonstruksjon. Holder drikke varmt i 8 timer og kaldt i 24 timer. Volumet er 470ml. Presentert i en Avenue gaveeske. Rustfritt stål.",10053403,https://prodimg.unpr.io/itemimage/800/products/500/15b67ac54115e4.jpg,https://www.xpressprofil.no/sortiment/kopper-glass/termokrus/109041880-291649/vribart-lekkasjesikkert-kobber-vakuumisolert-tumblerglass,Rustfritt stål.,"170,7",Vribart lekkasjesikkert kobber vakuumisolert tumblerglass
Gul refleks,Du fester refleksen ved å slå den lett mot armen eller foten. Refleksen snor seg lynraskt rundt armen eller foten og sitter svært godt! ,C-69171-3,https://prodimg.unpr.io/itemimage/940/products/500/5ccffa3a495c8.jpg,https://www.xpressprofil.no/sortiment/reflekser/refleksband/143299240-407433/slapwrap-hvit-gul,,"7,6",Slapwrap hvit/gul
hvit,"Vribart lekkasjesikkert kobber vakuumisolert tumblerglass. Lekkasjesikker design, skrue-på vri åpent lokk. Dobbel kobber vakuumisolert rustfritt stålkonstruksjon. Holder drikke varmt i 8 timer og kaldt i 24 timer. Volumet er 470ml. Presentert i en Avenue gaveeske. Rustfritt stål.",10053402,https://prodimg.unpr.io/itemimage/800/products/500/15b67ac53c779b.jpg,https://www.xpressprofil.no/sortiment/kopper-glass/termokrus/109041880-291648/vribart-lekkasjesikkert-kobber-vakuumisolert-tumblerglass,Rustfritt stål.,"170,7",Vribart lekkasjesikkert kobber vakuumisolert tumblerglass
svart ensfarget,"Vribart lekkasjesikkert kobber vakuumisolert tumblerglass. Lekkasjesikker design, skrue-på vri åpent lokk. Dobbel kobber vakuumisolert rustfritt stålkonstruksjon. Holder drikke varmt i 8 timer og kaldt i 24 timer. Volumet er 470ml. Presentert i en Avenue gaveeske. Rustfritt stål.",10053400,https://prodimg.unpr.io/itemimage/800/products/500/15b67ac50c685a.jpg,https://www.xpressprofil.no/sortiment/kopper-glass/termokrus/109041880-291646/vribart-lekkasjesikkert-kobber-vakuumisolert-tumblerglass,Rustfritt stål.,"170,7",Vribart lekkasjesikkert kobber vakuumisolert tumblerglass
neongul,Taggy bagasjelapp. Flip-open adresselapp med gummibånd. ID-etikett på innsiden. ABS-plast.,11989210,https://prodimg.unpr.io/itemimage/800/products/500/15a52e0ac66136.jpg,https://www.xpressprofil.no/sortiment/sport-fritid/reise/adresselappholder/89807600-253885/taggy-bagasjelapp,ABS-plast.,"4,14",Taggy bagasjelapp
neonoransje,Taggy bagasjelapp. Flip-open adresselapp med gummibånd. ID-etikett på innsiden. ABS-plast.,11989209,https://prodimg.unpr.io/itemimage/800/products/500/15a52e0ac336fa.jpg,https://www.xpressprofil.no/sortiment/sport-fritid/reise/adresselappholder/89807600-253884/taggy-bagasjelapp,ABS-plast.,"4,14",Taggy bagasjelapp
neonrosa,Taggy bagasjelapp. Flip-open adresselapp med gummibånd. ID-etikett på innsiden. ABS-plast.,11989208,https://prodimg.unpr.io/itemimage/800/products/500/15a52e0abf3ad8.jpg,https://www.xpressprofil.no/sortiment/sport-fritid/reise/adresselappholder/89807600-253883/taggy-bagasjelapp,ABS-plast.,"4,14",Taggy bagasjelapp
neongrønn,Taggy bagasjelapp. Flip-open adresselapp med gummibånd. ID-etikett på innsiden. ABS-plast.,11989207,https://prodimg.unpr.io/itemimage/800/products/500/15a52e0abc18b2.jpg,https://www.xpressprofil.no/sortiment/sport-fritid/reise/adresselappholder/89807600-253882/taggy-bagasjelapp,ABS-plast.,"4,14",Taggy bagasjelapp
lime,Taggy bagasjelapp. Flip-open adresselapp med gummibånd. ID-etikett på innsiden. ABS-plast.,11989206,https://prodimg.unpr.io/itemimage/800/products/500/1596376292d13d.jpg,https://www.xpressprofil.no/sortiment/sport-fritid/reise/adresselappholder/89807600-226352/taggy-bagasjelapp,ABS-plast.,"4,14",Taggy bagasjelapp
svart ensfarget,Taggy bagasjelapp. Flip-open adresselapp med gummibånd. ID-etikett på innsiden. ABS-plast.,11989204,https://prodimg.unpr.io/itemimage/800/products/500/159637628a2fe7.jpg,https://www.xpressprofil.no/sortiment/sport-fritid/reise/adresselappholder/89807600-226350/taggy-bagasjelapp,ABS-plast.,"4,14",Taggy bagasjelapp
oransje,Taggy bagasjelapp. Flip-open adresselapp med gummibånd. ID-etikett på innsiden. ABS-plast.,11989203,https://prodimg.unpr.io/itemimage/800/products/500/1596376285adfa.jpg,https://www.xpressprofil.no/sortiment/sport-fritid/reise/adresselappholder/89807600-226349/taggy-bagasjelapp,ABS-plast.,"4,14",Taggy bagasjelapp
Gul,Taggy bagasjelapp. Flip-open adresselapp med gummibånd. ID-etikett på innsiden. ABS-plast.,11989202,https://prodimg.unpr.io/itemimage/800/products/500/159637627dc92d.jpg,https://www.xpressprofil.no/sortiment/sport-fritid/reise/adresselappholder/89807600-226348/taggy-bagasjelapp,ABS-plast.,"4,14",Taggy bagasjelapp
rød,Taggy bagasjelapp. Flip-open adresselapp med gummibånd. ID-etikett på innsiden. ABS-plast.,11989201,https://prodimg.unpr.io/itemimage/800/products/500/15963762799e1d.jpg,https://www.xpressprofil.no/sortiment/sport-fritid/reise/adresselappholder/89807600-226347/taggy-bagasjelapp,ABS-plast.,"4,14",Taggy bagasjelapp
blå,Taggy bagasjelapp. Flip-open adresselapp med gummibånd. ID-etikett på innsiden. ABS-plast.,11989200,https://prodimg.unpr.io/itemimage/800/products/500/1596376275b800.jpg,https://www.xpressprofil.no/sortiment/sport-fritid/reise/adresselappholder/89807600-226346/taggy-bagasjelapp,ABS-plast.,"4,14",Taggy bagasjelapp
Steel grey,Norquay vattert jakke dame. sateng.Innvendig stormklaff med hakebeskyttelse.Kontrastfarget glidelås sentrert i front.Håndlommer med glidelås.Formede sømmer og midje for bedre passform.Elastikk.Drastykker til glidelås med godt grep.Kontrastfarget hempe.Transferlabel for etikettfri komfort. 290T vevet 100% polyester med vannavstøtende finish. Vattering i 100% polyester. 60 g/m².,3932292,https://prodimg.unpr.io/itemimage/800/products/500/15b3357a4e382a.jpg,https://www.xpressprofil.no/sortiment/profilklar/jakker/sesongjakker/108476940-289628/norquay-vattert-jakke-dame,290T vevet 100% polyester med vannavstøtende finish. Vattering i 100% polyester.,"610,4",Norquay vattert jakke dame
blå,Norquay vattert jakke dame. sateng.Innvendig stormklaff med hakebeskyttelse.Kontrastfarget glidelås sentrert i front.Håndlommer med glidelås.Formede sømmer og midje for bedre passform.Elastikk.Drastykker til glidelås med godt grep.Kontrastfarget hempe.Transferlabel for etikettfri komfort. 290T vevet 100% polyester med vannavstøtende finish. Vattering i 100% polyester. 60 g/m².,3932244,https://prodimg.unpr.io/itemimage/800/products/500/15b3357a3d406e.jpg,https://www.xpressprofil.no/sortiment/profilklar/jakker/sesongjakker/108476940-289626/norquay-vattert-jakke-dame,290T vevet 100% polyester med vannavstøtende finish. Vattering i 100% polyester.,"610,4",Norquay vattert jakke dame
Egen bottenfärg,"Denne 500 ml nedbrytbare promotion sportflaske er laged av nedbrytbar plast så at selv om flasken kommer å holde logo og markedsføring i lang tid, kan den brytes ned etter at livslengden er over.",FE1009-999,https://prodimg.unpr.io/itemimage/1124/products/500/15cc91bd536732.jpg,https://www.xpressprofil.no/sortiment/sport-fritid/sportsflasker/113013380-406967/flaske-bio-sportl,100 % LDPE,"23,06",Flaske BIO Sportl
Silver,LED-lommelykt med 2 dioder som med håndkraft lader opp de innebygde batteriene. En bra løsning som gjør at du slipper å lete etter nye batterier når du trenger lys. Bra miljøvalg. Patent: EU Nr. 363627-0002,GI4532-32,https://prodimg.unpr.io/itemimage/1124/products/500/15b7ac13f398c8.jpg,https://www.xpressprofil.no/sortiment/andre/verktoy/lommelykter/111358980-316332/dynamo-led-lommelykt,"ABS, Nylon","18,83",Dynamo LED lommelykt
Mørk Cerise,"Genser med rund hals i en moderne passform. Kommer som  unisex og barnemodell i en moderne passform.2x2 rib på kragekant, ermer og nederkant.  Dekorative sømmer ton-i-ton ved halskanten.",141015-435,https://prodimg.unpr.io/itemimage/805/products/500/15a730e976bd6f.jpg,https://www.xpressprofil.no/sortiment/profilklar/sweatshirts/80729080-270019/crew-neck-kid-gots,"80% Økologisk Fairtrade bomull, 20% resirkulert polyester",199,Crew Neck Kid (gots)
Mørk Cerise,"Hettegenser i to-lags materiale med børstet innside som kommer tre ulike varianter. Dame, herre og barnemodell.Moderne passorm, hette med robust snor og en felles lomme i front med ""inngang"" på to sider.Jakkene er utstyrt med en lomme på hver side av glidelåsen. 2x2 rib i ermet og nederkant.Kan vaskes på 40 grader.Cottover tilbyr klær med hensyn til mennesker og miljø. Produktene er sertifisert av Nordic Ecolabel, Fairtrade, GOTS og ØKO-TEX.Et produkt med disse sertifiseringene betyr at plagget har møtt alle kravene til organisasjonene bak merkingen.Cottover har nøye valgt ut sine hjertesaker med tanke på kvalitet, helse, miljø og arbeidsforhold. All bomull er 100% økologisk.",141011-435,https://prodimg.unpr.io/itemimage/805/products/500/15a730e95935e7.jpg,https://www.xpressprofil.no/sortiment/profilklar/sweatshirts/80725320-270011/hood-kid-gots,"80% Økologisk Fairtrade bomull, 20% resirkulert polyester",259,Hood Kid (gots)
Rosa,"Hettegenser i to-lags materiale med børstet innside som kommer tre ulike varianter. Dame, herre og barnemodell.Moderne passorm, hette med robust snor og en felles lomme i front med ""inngang"" på to sider.Jakkene er utstyrt med en lomme på hver side av glidelåsen. 2x2 rib i ermet og nederkant.Kan vaskes på 40 grader.Cottover tilbyr klær med hensyn til mennesker og miljø. Produktene er sertifisert av Nordic Ecolabel, Fairtrade, GOTS og ØKO-TEX.Et produkt med disse sertifiseringene betyr at plagget har møtt alle kravene til organisasjonene bak merkingen.Cottover har nøye valgt ut sine hjertesaker med tanke på kvalitet, helse, miljø og arbeidsforhold. All bomull er 100% økologisk.",141011-425,https://prodimg.unpr.io/itemimage/805/products/500/15a730e9554624.jpg,https://www.xpressprofil.no/sortiment/profilklar/sweatshirts/80725320-270010/hood-kid-gots,"80% Økologisk Fairtrade bomull, 20% resirkulert polyester",259,Hood Kid (gots)
Svart,"Hettegenser i to-lags materiale med børstet innside som kommer tre ulike varianter. Dame, herre og barnemodell.Moderne passorm, hette med robust snor og en felles lomme i front med ""inngang"" på to sider.Jakkene er utstyrt med en lomme på hver side av glidelåsen. 2x2 rib i ermet og nederkant.Kan vaskes på 40 grader.Cottover tilbyr klær med hensyn til mennesker og miljø. Produktene er sertifisert av Nordic Ecolabel, Fairtrade, GOTS og ØKO-TEX.Et produkt med disse sertifiseringene betyr at plagget har møtt alle kravene til organisasjonene bak merkingen.Cottover har nøye valgt ut sine hjertesaker med tanke på kvalitet, helse, miljø og arbeidsforhold. All bomull er 100% økologisk.",141011-990,https://prodimg.unpr.io/itemimage/805/products/500/141011_990.jpg,https://www.xpressprofil.no/sortiment/profilklar/sweatshirts/80725320-205338/hood-kid-gots,"80% Økologisk Fairtrade bomull, 20% resirkulert polyester",259,Hood Kid (gots)
Kull,"Hettegenser i to-lags materiale med børstet innside som kommer tre ulike varianter. Dame, herre og barnemodell.Moderne passorm, hette med robust snor og en felles lomme i front med ""inngang"" på to sider.Jakkene er utstyrt med en lomme på hver side av glidelåsen. 2x2 rib i ermet og nederkant.Kan vaskes på 40 grader.Cottover tilbyr klær med hensyn til mennesker og miljø. Produktene er sertifisert av Nordic Ecolabel, Fairtrade, GOTS og ØKO-TEX.Et produkt med disse sertifiseringene betyr at plagget har møtt alle kravene til organisasjonene bak merkingen.Cottover har nøye valgt ut sine hjertesaker med tanke på kvalitet, helse, miljø og arbeidsforhold. All bomull er 100% økologisk.",141011-980,https://prodimg.unpr.io/itemimage/805/products/500/141011_980.jpg,https://www.xpressprofil.no/sortiment/profilklar/sweatshirts/80725320-205337/hood-kid-gots,"80% Økologisk Fairtrade bomull, 20% resirkulert polyester",259,Hood Kid (gots)
Himmelblå,"Hettegenser i to-lags materiale med børstet innside som kommer tre ulike varianter. Dame, herre og barnemodell.Moderne passorm, hette med robust snor og en felles lomme i front med ""inngang"" på to sider.Jakkene er utstyrt med en lomme på hver side av glidelåsen. 2x2 rib i ermet og nederkant.Kan vaskes på 40 grader.Cottover tilbyr klær med hensyn til mennesker og miljø. Produktene er sertifisert av Nordic Ecolabel, Fairtrade, GOTS og ØKO-TEX.Et produkt med disse sertifiseringene betyr at plagget har møtt alle kravene til organisasjonene bak merkingen.Cottover har nøye valgt ut sine hjertesaker med tanke på kvalitet, helse, miljø og arbeidsforhold. All bomull er 100% økologisk.",141011-725,https://prodimg.unpr.io/itemimage/805/products/500/141011_725.jpg,https://www.xpressprofil.no/sortiment/profilklar/sweatshirts/80725320-205335/hood-kid-gots,"80% Økologisk Fairtrade bomull, 20% resirkulert polyester",259,Hood Kid (gots)
Grønn,"Hettegenser i to-lags materiale med børstet innside som kommer tre ulike varianter. Dame, herre og barnemodell.Moderne passorm, hette med robust snor og en felles lomme i front med ""inngang"" på to sider.Jakkene er utstyrt med en lomme på hver side av glidelåsen. 2x2 rib i ermet og nederkant.Kan vaskes på 40 grader.Cottover tilbyr klær med hensyn til mennesker og miljø. Produktene er sertifisert av Nordic Ecolabel, Fairtrade, GOTS og ØKO-TEX.Et produkt med disse sertifiseringene betyr at plagget har møtt alle kravene til organisasjonene bak merkingen.Cottover har nøye valgt ut sine hjertesaker med tanke på kvalitet, helse, miljø og arbeidsforhold. All bomull er 100% økologisk.",141011-645,https://prodimg.unpr.io/itemimage/805/products/500/141011_645.jpg,https://www.xpressprofil.no/sortiment/profilklar/sweatshirts/80725320-205334/hood-kid-gots,"80% Økologisk Fairtrade bomull, 20% resirkulert polyester",259,Hood Kid (gots)
Rød,"Hettegenser i to-lags materiale med børstet innside som kommer tre ulike varianter. Dame, herre og barnemodell.Moderne passorm, hette med robust snor og en felles lomme i front med ""inngang"" på to sider.Jakkene er utstyrt med en lomme på hver side av glidelåsen. 2x2 rib i ermet og nederkant.Kan vaskes på 40 grader.Cottover tilbyr klær med hensyn til mennesker og miljø. Produktene er sertifisert av Nordic Ecolabel, Fairtrade, GOTS og ØKO-TEX.Et produkt med disse sertifiseringene betyr at plagget har møtt alle kravene til organisasjonene bak merkingen.Cottover har nøye valgt ut sine hjertesaker med tanke på kvalitet, helse, miljø og arbeidsforhold. All bomull er 100% økologisk.",141011-460,https://prodimg.unpr.io/itemimage/805/products/500/141011_460.jpg,https://www.xpressprofil.no/sortiment/profilklar/sweatshirts/80725320-205333/hood-kid-gots,"80% Økologisk Fairtrade bomull, 20% resirkulert polyester",259,Hood Kid (gots)
Rosa,"Genser med rund hals i en moderne passform. Kommer som  unisex og barnemodell i en moderne passform.2x2 rib på kragekant, ermer og nederkant.  Dekorative sømmer ton-i-ton ved halskanten.",141015-425,https://prodimg.unpr.io/itemimage/805/products/500/15a730e972ed13.jpg,https://www.xpressprofil.no/sortiment/profilklar/sweatshirts/80729080-270018/crew-neck-kid-gots,"80% Økologisk Fairtrade bomull, 20% resirkulert polyester",199,Crew Neck Kid (gots)
Svart,"Genser med rund hals i en moderne passform. Kommer som  unisex og barnemodell i en moderne passform.2x2 rib på kragekant, ermer og nederkant.  Dekorative sømmer ton-i-ton ved halskanten.",141015-990,https://prodimg.unpr.io/itemimage/805/products/500/141015_990.jpg,https://www.xpressprofil.no/sortiment/profilklar/sweatshirts/80729080-205380/crew-neck-kid-gots,"80% Økologisk Fairtrade bomull, 20% resirkulert polyester",199,Crew Neck Kid (gots)
Kull,"Genser med rund hals i en moderne passform. Kommer som  unisex og barnemodell i en moderne passform.2x2 rib på kragekant, ermer og nederkant.  Dekorative sømmer ton-i-ton ved halskanten.",141015-980,https://prodimg.unpr.io/itemimage/805/products/500/141015_980.jpg,https://www.xpressprofil.no/sortiment/profilklar/sweatshirts/80729080-205379/crew-neck-kid-gots,"80% Økologisk Fairtrade bomull, 20% resirkulert polyester",199,Crew Neck Kid (gots)
Himmelblå,"Genser med rund hals i en moderne passform. Kommer som  unisex og barnemodell i en moderne passform.2x2 rib på kragekant, ermer og nederkant.  Dekorative sømmer ton-i-ton ved halskanten.",141015-725,https://prodimg.unpr.io/itemimage/805/products/500/141015_725.jpg,https://www.xpressprofil.no/sortiment/profilklar/sweatshirts/80729080-205377/crew-neck-kid-gots,"80% Økologisk Fairtrade bomull, 20% resirkulert polyester",199,Crew Neck Kid (gots)
Grønn,"Genser med rund hals i en moderne passform. Kommer som  unisex og barnemodell i en moderne passform.2x2 rib på kragekant, ermer og nederkant.  Dekorative sømmer ton-i-ton ved halskanten.",141015-645,https://prodimg.unpr.io/itemimage/805/products/500/141015_645.jpg,https://www.xpressprofil.no/sortiment/profilklar/sweatshirts/80729080-205376/crew-neck-kid-gots,"80% Økologisk Fairtrade bomull, 20% resirkulert polyester",199,Crew Neck Kid (gots)
Rød,"Genser med rund hals i en moderne passform. Kommer som  unisex og barnemodell i en moderne passform.2x2 rib på kragekant, ermer og nederkant.  Dekorative sømmer ton-i-ton ved halskanten.",141015-460,https://prodimg.unpr.io/itemimage/805/products/500/141015_460.jpg,https://www.xpressprofil.no/sortiment/profilklar/sweatshirts/80729080-205375/crew-neck-kid-gots,"80% Økologisk Fairtrade bomull, 20% resirkulert polyester",199,Crew Neck Kid (gots)
Kobaltblå,LED-lommelykt med 2 dioder som med håndkraft lader opp de innebygde batteriene. En bra løsning som gjør at du slipper å lete etter nye batterier når du trenger lys. Bra miljøvalg. Patent: EU Nr. 363627-0002,GI4532-23,https://prodimg.unpr.io/itemimage/1124/products/500/15b7ac13ece043.jpg,https://www.xpressprofil.no/sortiment/andre/verktoy/lommelykter/111358980-316331/dynamo-led-lommelykt,"ABS, Nylon","18,83",Dynamo LED lommelykt
Gul,LED-lommelykt med 2 dioder som med håndkraft lader opp de innebygde batteriene. En bra løsning som gjør at du slipper å lete etter nye batterier når du trenger lys. Bra miljøvalg. Patent: EU Nr. 363627-0002,GI4532-06,https://prodimg.unpr.io/itemimage/1124/products/500/15b7ac13e1f06e.jpg,https://www.xpressprofil.no/sortiment/andre/verktoy/lommelykter/111358980-316329/dynamo-led-lommelykt,"ABS, Nylon","18,83",Dynamo LED lommelykt
Svart,LED-lommelykt med 2 dioder som med håndkraft lader opp de innebygde batteriene. En bra løsning som gjør at du slipper å lete etter nye batterier når du trenger lys. Bra miljøvalg. Patent: EU Nr. 363627-0002,GI4532-01,https://prodimg.unpr.io/itemimage/1124/products/500/15b7ac13db918b.jpg,https://www.xpressprofil.no/sortiment/andre/verktoy/lommelykter/111358980-316328/dynamo-led-lommelykt,"ABS, Nylon","18,83",Dynamo LED lommelykt
rød,Norquay vattert jakke dame. sateng.Innvendig stormklaff med hakebeskyttelse.Kontrastfarget glidelås sentrert i front.Håndlommer med glidelås.Formede sømmer og midje for bedre passform.Elastikk.Drastykker til glidelås med godt grep.Kontrastfarget hempe.Transferlabel for etikettfri komfort. 290T vevet 100% polyester med vannavstøtende finish. Vattering i 100% polyester. 60 g/m².,3932225,https://prodimg.unpr.io/itemimage/800/products/500/15b3357a38e39a.jpg,https://www.xpressprofil.no/sortiment/profilklar/jakker/sesongjakker/108476940-289625/norquay-vattert-jakke-dame,290T vevet 100% polyester med vannavstøtende finish. Vattering i 100% polyester.,"610,4",Norquay vattert jakke dame
Khaki,"Caps i bomull , 5 paneler med sandwich skjerm og borrelåsjustering",GI9120-13,https://prodimg.unpr.io/itemimage/1124/products/500/15b7ac438854c8.jpg,https://www.xpressprofil.no/sortiment/kapser-hodeplagg/kapser/112103460-318465/caps-med-6-paneler-og-sandwich,"PVC, Bomull Twill 23x23","21,32",Caps med 6 paneler og sandwich
Röd,"Caps i bomull , 5 paneler med sandwich skjerm og borrelåsjustering",GI9120-08,https://prodimg.unpr.io/itemimage/1124/products/500/15b7ac438203bf.jpg,https://www.xpressprofil.no/sortiment/kapser-hodeplagg/kapser/112103460-318464/caps-med-6-paneler-og-sandwich,"PVC, Bomull Twill 23x23","21,32",Caps med 6 paneler og sandwich
Grå,"Caps i bomull , 5 paneler med sandwich skjerm og borrelåsjustering",GI9120-03,https://prodimg.unpr.io/itemimage/1124/products/500/15b7ac436d9a1a.jpg,https://www.xpressprofil.no/sortiment/kapser-hodeplagg/kapser/112103460-318461/caps-med-6-paneler-og-sandwich,"PVC, Bomull Twill 23x23","21,32",Caps med 6 paneler og sandwich
Vit,"Caps i bomull , 5 paneler med sandwich skjerm og borrelåsjustering",GI9120-02,https://prodimg.unpr.io/itemimage/1124/products/500/15b7ac43677944.jpg,https://www.xpressprofil.no/sortiment/kapser-hodeplagg/kapser/112103460-318460/caps-med-6-paneler-og-sandwich,"PVC, Bomull Twill 23x23","21,32",Caps med 6 paneler og sandwich
Svart,"Caps i bomull , 5 paneler med sandwich skjerm og borrelåsjustering",GI9120-01,https://prodimg.unpr.io/itemimage/1124/products/500/15b7ac43610f74.jpg,https://www.xpressprofil.no/sortiment/kapser-hodeplagg/kapser/112103460-318459/caps-med-6-paneler-og-sandwich,"PVC, Bomull Twill 23x23","21,32",Caps med 6 paneler og sandwich
"hvit,svart ensfarget","Bloomington messeveske. Fint nett til en rimelig pris for messer, konferanser og forretningsmøter med friske farger og den populære dyppfargetrenden. Åpent hovedrom og penneholder i front. Håndtakene er 30 cm. Accessoirer er ikke inkludert. 600D polyester.",12010000,https://prodimg.unpr.io/itemimage/800/products/500/159637812e84ee.jpg,https://www.xpressprofil.no/sortiment/vesker/bags-og-poser/bager/89903480-226562/bloomington-messeveske,600D polyester.,"31,03",Bloomington messeveske
"naturhvit,rød","Bomullsnett. Bomullsnett (227 g/m²) med åpent hovedrommet . Paneler i flere farger gjør dette til en perfekt bag for shopping, på stranden eller daglig bruk. 30 cm. doble håndtak. 227 g/m² bomull.",12025902,https://prodimg.unpr.io/itemimage/800/products/500/159637ab997016.jpg,https://www.xpressprofil.no/sortiment/vesker/bags-og-poser/bager/90020040-226871/bomullsnett,227 g/m² bomull.,"34,14",Bomullsnett
"naturhvit,svart ensfarget","Bomullsnett. Bomullsnett (227 g/m²) med åpent hovedrommet . Paneler i flere farger gjør dette til en perfekt bag for shopping, på stranden eller daglig bruk. 30 cm. doble håndtak. 227 g/m² bomull.",12025900,https://prodimg.unpr.io/itemimage/800/products/500/159637ab8e9ba4.jpg,https://www.xpressprofil.no/sortiment/vesker/bags-og-poser/bager/90020040-226869/bomullsnett,227 g/m² bomull.,"34,14",Bomullsnett
sjøblå,Omaha skulderveske. Skulderveske med åpent hovedrom som lukkes med klaff med spennelukking. Justerbar skulderreim. 600D polyester.,11973305,https://prodimg.unpr.io/itemimage/800/products/500/15963754de7765.jpg,https://www.xpressprofil.no/sortiment/vesker/skuldervesker/89767180-226228/omaha-skulderveske,600D polyester.,"65,2",Omaha skulderveske
hvit,Omaha skulderveske. Skulderveske med åpent hovedrom som lukkes med klaff med spennelukking. Justerbar skulderreim. 600D polyester.,11973303,https://prodimg.unpr.io/itemimage/800/products/500/15963754cde0e2.jpg,https://www.xpressprofil.no/sortiment/vesker/skuldervesker/89767180-226226/omaha-skulderveske,600D polyester.,"65,2",Omaha skulderveske
marineblå,Omaha skulderveske. Skulderveske med åpent hovedrom som lukkes med klaff med spennelukking. Justerbar skulderreim. 600D polyester.,11973301,https://prodimg.unpr.io/itemimage/800/products/500/15963754bb621f.jpg,https://www.xpressprofil.no/sortiment/vesker/skuldervesker/89767180-226224/omaha-skulderveske,600D polyester.,"65,2",Omaha skulderveske
svart ensfarget,Omaha skulderveske. Skulderveske med åpent hovedrom som lukkes med klaff med spennelukking. Justerbar skulderreim. 600D polyester.,11973300,https://prodimg.unpr.io/itemimage/800/products/500/15963754b3bb40.jpg,https://www.xpressprofil.no/sortiment/vesker/skuldervesker/89767180-226223/omaha-skulderveske,600D polyester.,"65,2",Omaha skulderveske
sølv,"Leonis 9-LED lommelykt. Stilig lykt med klart, hvitt lys fra 9 LED-pærer, armbånd og av-/på-knapp i enden. Krever 3 x AAA-batterier (ikke inkludert). Aluminium.",10410500,https://prodimg.unpr.io/itemimage/800/products/500/15963640c60d59.jpg,https://www.xpressprofil.no/sortiment/andre/verktoy/lommelykter/88976640-223833/leonis-9-led-lommelykt,Aluminium.,"26,9",Leonis 9-LED lommelykt
Hvit,"Nyhet, Testvinner hos TV2 Hjelper deg!",23156-4,https://prodimg.unpr.io/itemimage/940/products/500/5cebeafc4a8be.jpg,https://www.xpressprofil.no/sortiment/andre/verktoy/tennere/146037460-415325/pureflame,,119,Pureflame
Hvit,Webcam cover for bruk på laptop. Webcam cover med firmalogo gir beskyttelse foran kameraet om din maskin skulle bli hacket. Populær og rimelig giveaway. ,Webcam Classic-4,https://prodimg.unpr.io/itemimage/940/products/500/5c4ef4a420224.jpg,https://www.xpressprofil.no/sortiment/mobile-tablet/tilbehor-mobile-tablet/129266920-362732/webcam-cover-classic,,14,Webcam cover classic
Webcam blokker med firmalogo,Webcam cover for bruk på laptop. Webcam cover med firmalogo gir beskyttelse foran kameraet om din maskin skulle bli hacket. Populær og rimelig giveaway. ,Webcam Classic-3,https://prodimg.unpr.io/itemimage/940/products/500/5c4ef4a40a591.jpg,https://www.xpressprofil.no/sortiment/mobile-tablet/tilbehor-mobile-tablet/129266920-362731/webcam-cover-classic,,14,Webcam cover classic
Sort,"Nyhet, Testvinner hos TV2 Hjelper deg!",23156-3,https://prodimg.unpr.io/itemimage/940/products/500/5cebeafbe59e3.jpg,https://www.xpressprofil.no/sortiment/andre/verktoy/tennere/146037460-415324/pureflame,,119,Pureflame
Cream,"Perk farget espressokrus. Keramisk espressokrus med trendy fargede overflater. EN12875-1-kompatibel; kan kjøres i oppvaskmaskin, også når dekorert. Volumet er 80ml. Presentert i hvit pappeske. Keramikk.",10054403,https://prodimg.unpr.io/itemimage/800/products/500/15b67ac7058ce3.jpg,https://www.xpressprofil.no/sortiment/kopper-glass/kopper-porselen/109046580-291663/perk-farget-espressokrus,Keramikk.,"24,83",Perk farget espressokrus
hvit,"Grotto keramikk krus. Et må-ha keramisk krus med lokk. Matt utførelse og håndtak i tre kombinert med svart belagt rustfritt stål. Volumkapasitet er 475 ml. Leveres i gaveeske. Keramikk, rustfritt stål og tre.",10043001,https://prodimg.unpr.io/itemimage/800/products/500/15963627bf1aea.jpg,https://www.xpressprofil.no/sortiment/kopper-glass/termokrus/88902380-223619/grotto-keramikk-krus,"Keramikk, rustfritt stål og tre.","143,8",Grotto keramikk krus
"hvit,grå",Curve kjølende og lekkasjesikkert beger. Drikkeflaske med doble vegger og skrukork med 360-graders drikkemulighet. Volum 400ml. Leveres i gaveeske. BPA-fri akryl.,10023801,https://prodimg.unpr.io/itemimage/800/products/500/159636089dd084.jpg,https://www.xpressprofil.no/sortiment/kopper-glass/termokrus/88814020-223330/curve-kjolende-og-lekkasjesikkert-beger,BPA-fri akryl.,"96,3",Curve kjølende og lekkasjesikkert beger
rød,"Perk farget espressokrus. Keramisk espressokrus med trendy fargede overflater. EN12875-1-kompatibel; kan kjøres i oppvaskmaskin, også når dekorert. Volumet er 80ml. Presentert i hvit pappeske. Keramikk.",10054402,https://prodimg.unpr.io/itemimage/800/products/500/15b67ac6ee0273.jpg,https://www.xpressprofil.no/sortiment/kopper-glass/kopper-porselen/109046580-291662/perk-farget-espressokrus,Keramikk.,"24,83",Perk farget espressokrus
rød,"Alps termokrus med karabinkrok. 200 ml krus med stort håndtak i rustfritt stål, karabinkrok i håndtaket. Passer ypperlig på campingturer eller utendørsaktiviteter. Rustfritt stål både utvendig og innvendig.",10056302,https://prodimg.unpr.io/itemimage/800/products/500/15c3bfc827dad6.jpg,https://www.xpressprofil.no/sortiment/kopper-glass/termokrus/108977020-358443/alps-termokrus-med-karabinkrok,Rustfritt stål både utvendig og innvendig.,"63,2",Alps termokrus med karabinkrok
Gul,"Chalk skrivekrus. Dette kruset kan tilpasses personlig ved å skrive på tavleoverflaten med kritt. Krittet er inkludert. EN12875-1-kompatibel; kan kjøres i oppvaskmaskin, også når dekorert. Volumet er 300ml. Presentert i en hvit pappeske. Keramikk.",10052603,https://prodimg.unpr.io/itemimage/800/products/500/15b67ac28c666e.jpg,https://www.xpressprofil.no/sortiment/kopper-glass/kopper-porselen/109035300-291628/chalk-skrivekrus,Keramikk.,"28,97",Chalk skrivekrus
brun,"Sussix prikkete krus. Keramiske krus med on--trend, prikkete overflate. EN12875-1-kompatibel; kan kjøres i oppvaskmaskin, også når dekorert. Volumet er 325ml. Presentert i hvit pappeske. Keramikk.",10054303,https://prodimg.unpr.io/itemimage/800/products/500/15b70e67a7807f.jpg,https://www.xpressprofil.no/sortiment/kopper-glass/kopper-porselen/113336740-304576/sussix-prikkete-krus,Keramikk.,"42,41",Sussix prikkete krus
svart ensfarget,"Peeta vakuum kobber isolert termokopp. Slitesterk termokopp som er ideell for reise og som passer i de fleste koppholdere. Lekkasjesikkert lokk med enkel flip åpning. Rustfritt stål, dobbeltvegget vakuumkonstruksjon med kobberisolasjon som holder drikken varm i 8 timer og kald i 24 timer. Konstruksjonen forhindrer også kondens på utsiden av kruset. Volum 500 ml. Leveres i Avenue gaveeske. Rustfritt stål.",10046901,https://prodimg.unpr.io/itemimage/800/products/500/1598806723079e.jpg,https://www.xpressprofil.no/sortiment/kopper-glass/termokrus/90713760-229143/peeta-vakuum-kobber-isolert-termokopp,Rustfritt stål.,"193,5",Peeta vakuum kobber isolert termokopp
grå,"Sussix prikkete krus. Keramiske krus med on--trend, prikkete overflate. EN12875-1-kompatibel; kan kjøres i oppvaskmaskin, også når dekorert. Volumet er 325ml. Presentert i hvit pappeske. Keramikk.",10054302,https://prodimg.unpr.io/itemimage/800/products/500/15b70e6794c6bd.jpg,https://www.xpressprofil.no/sortiment/kopper-glass/kopper-porselen/113336740-304575/sussix-prikkete-krus,Keramikk.,"42,41",Sussix prikkete krus
svart ensfarget,"Sussix prikkete krus. Keramiske krus med on--trend, prikkete overflate. EN12875-1-kompatibel; kan kjøres i oppvaskmaskin, også når dekorert. Volumet er 325ml. Presentert i hvit pappeske. Keramikk.",10054300,https://prodimg.unpr.io/itemimage/800/products/500/15b70e6766ffae.jpg,https://www.xpressprofil.no/sortiment/kopper-glass/kopper-porselen/113336740-304573/sussix-prikkete-krus,Keramikk.,"42,41",Sussix prikkete krus
rød,"Chalk skrivekrus. Dette kruset kan tilpasses personlig ved å skrive på tavleoverflaten med kritt. Krittet er inkludert. EN12875-1-kompatibel; kan kjøres i oppvaskmaskin, også når dekorert. Volumet er 300ml. Presentert i en hvit pappeske. Keramikk.",10052602,https://prodimg.unpr.io/itemimage/800/products/500/15b67ac2779787.jpg,https://www.xpressprofil.no/sortiment/kopper-glass/kopper-porselen/109035300-291627/chalk-skrivekrus,Keramikk.,"28,97",Chalk skrivekrus
hvit,"Chalk skrivekrus. Dette kruset kan tilpasses personlig ved å skrive på tavleoverflaten med kritt. Krittet er inkludert. EN12875-1-kompatibel; kan kjøres i oppvaskmaskin, også når dekorert. Volumet er 300ml. Presentert i en hvit pappeske. Keramikk.",10052600,https://prodimg.unpr.io/itemimage/800/products/500/15b67ac26d8f7a.jpg,https://www.xpressprofil.no/sortiment/kopper-glass/kopper-porselen/109035300-291625/chalk-skrivekrus,Keramikk.,"28,97",Chalk skrivekrus
blå,"Alps termokrus med karabinkrok. 200 ml krus med stort håndtak i rustfritt stål, karabinkrok i håndtaket. Passer ypperlig på campingturer eller utendørsaktiviteter. Rustfritt stål både utvendig og innvendig.",10056301,https://prodimg.unpr.io/itemimage/800/products/500/15c3bfc7f8516f.jpg,https://www.xpressprofil.no/sortiment/kopper-glass/termokrus/108977020-358442/alps-termokrus-med-karabinkrok,Rustfritt stål både utvendig og innvendig.,"63,2",Alps termokrus med karabinkrok
blå,"Hugo kobber vakuumisolert termokrus. Dobbeltvegget vakuumkonstruksjon i rustfritt stål med kobberisolasjon, som også forhindrer kondens på utsiden. Det vridde geometriske designet er PFs eget design. Holder din drikke varm i 8 timer og kald i 24 timer.Transparent lokk med bred åpning for komfortabel påfylling og tømming. Volum 470 ml. Avenue gaveeske. Rustfritt stål.",10052003,https://prodimg.unpr.io/itemimage/800/products/500/15b67ac02f2cf1.jpg,https://www.xpressprofil.no/sortiment/kopper-glass/termokrus/109029660-291607/hugo-kobber-vakuumisolert-termokrus,Rustfritt stål.,"144,9",Hugo kobber vakuumisolert termokrus
hvit,"Tahoe te og kaffe keramiske krus med trelokk. Koselig keramisk krus med vintage-overflate på koppesiden. Har en nyskapende groove design på toppen for å holde teposer. Tre, push-on lokk, sølesikker. EN12875-1-kompatibel; kan kjøres i oppvaskmaskin, også når dekorert. Volumet er 470ml. Presentert i en Avenue gaveeske. Keramikk og treverk.",10053701,https://prodimg.unpr.io/itemimage/800/products/500/15b70e672a8c6b.jpg,https://www.xpressprofil.no/sortiment/kopper-glass/kopper-steintoy/113335800-304572/tahoe-te-og-kaffe-keramiske-krus-med-trelokk,Keramikk og treverk.,"136,6",Tahoe te og kaffe keramiske krus med trelokk
mint,Arlo glasskrus. Enkeltvegget glasskrus. Mykt bånd for godt grep. Lokk i bambus og matchende Tritan sugerør. Anti gli bunn. Må ikke fryses eller brukes i mikrobølgeovn. Kan trykkes eller lasergraveres. Volum 600ml. Leveres i Avenue gaveeske. Glass med silikon.,10048602,https://prodimg.unpr.io/itemimage/800/products/500/15a52df0f8fcfb.jpg,https://www.xpressprofil.no/sortiment/kopper-glass/termokrus/98746060-253500/arlo-glasskrus,Glass med silikon.,120,Arlo glasskrus
blå,Pixi mini tofarget sublimeringskrus. Dette keramiske kruset har et spesielt belegg for sublimering. Matchende farge innvendig og på håndtak. Volumet er 250ml. Leveres i en hvit pappeske. Keramikk.,10052401,https://prodimg.unpr.io/itemimage/800/products/500/15bb17fe565e23.jpg,https://www.xpressprofil.no/sortiment/kopper-glass/termokrus/109033420-334164/pixi-mini-tofarget-sublimeringskrus,Keramikk.,"32,07",Pixi mini tofarget sublimeringskrus
grønn,Pixi mini tofarget sublimeringskrus. Dette keramiske kruset har et spesielt belegg for sublimering. Matchende farge innvendig og på håndtak. Volumet er 250ml. Leveres i en hvit pappeske. Keramikk.,10052403,https://prodimg.unpr.io/itemimage/800/products/500/15b70e66aab3d1.jpg,https://www.xpressprofil.no/sortiment/kopper-glass/termokrus/109033420-304567/pixi-mini-tofarget-sublimeringskrus,Keramikk.,"32,07",Pixi mini tofarget sublimeringskrus
svart ensfarget,Pixi mini tofarget sublimeringskrus. Dette keramiske kruset har et spesielt belegg for sublimering. Matchende farge innvendig og på håndtak. Volumet er 250ml. Leveres i en hvit pappeske. Keramikk.,10052400,https://prodimg.unpr.io/itemimage/800/products/500/15b67ac19f2be0.jpg,https://www.xpressprofil.no/sortiment/kopper-glass/termokrus/109033420-291619/pixi-mini-tofarget-sublimeringskrus,Keramikk.,"32,07",Pixi mini tofarget sublimeringskrus
hvit,Arlo glasskrus. Enkeltvegget glasskrus. Mykt bånd for godt grep. Lokk i bambus og matchende Tritan sugerør. Anti gli bunn. Må ikke fryses eller brukes i mikrobølgeovn. Kan trykkes eller lasergraveres. Volum 600ml. Leveres i Avenue gaveeske. Glass med silikon.,10048600,https://prodimg.unpr.io/itemimage/800/products/500/15a52df0f35a82.jpg,https://www.xpressprofil.no/sortiment/kopper-glass/termokrus/98746060-253498/arlo-glasskrus,Glass med silikon.,120,Arlo glasskrus
hvit,"Hugo kobber vakuumisolert termokrus. Dobbeltvegget vakuumkonstruksjon i rustfritt stål med kobberisolasjon, som også forhindrer kondens på utsiden. Det vridde geometriske designet er PFs eget design. Holder din drikke varm i 8 timer og kald i 24 timer.Transparent lokk med bred åpning for komfortabel påfylling og tømming. Volum 470 ml. Avenue gaveeske. Rustfritt stål.",10052002,https://prodimg.unpr.io/itemimage/800/products/500/15b67ac02a3ca7.jpg,https://www.xpressprofil.no/sortiment/kopper-glass/termokrus/109029660-291606/hugo-kobber-vakuumisolert-termokrus,Rustfritt stål.,"144,9",Hugo kobber vakuumisolert termokrus
svart ensfarget,"Hugo kobber vakuumisolert termokrus. Dobbeltvegget vakuumkonstruksjon i rustfritt stål med kobberisolasjon, som også forhindrer kondens på utsiden. Det vridde geometriske designet er PFs eget design. Holder din drikke varm i 8 timer og kald i 24 timer.Transparent lokk med bred åpning for komfortabel påfylling og tømming. Volum 470 ml. Avenue gaveeske. Rustfritt stål.",10052000,https://prodimg.unpr.io/itemimage/800/products/500/15b67ac0104908.jpg,https://www.xpressprofil.no/sortiment/kopper-glass/termokrus/109029660-291604/hugo-kobber-vakuumisolert-termokrus,Rustfritt stål.,"144,9",Hugo kobber vakuumisolert termokrus
sølv,"Alps termokrus med karabinkrok. 200 ml krus med stort håndtak i rustfritt stål, karabinkrok i håndtaket. Passer ypperlig på campingturer eller utendørsaktiviteter. Rustfritt stål både utvendig og innvendig.",19538304,https://prodimg.unpr.io/itemimage/800/products/500/15b5e718194a9b.jpg,https://www.xpressprofil.no/sortiment/kopper-glass/termokrus/108977020-291480/alps-termokrus-med-karabinkrok,Rustfritt stål både utvendig og innvendig.,"63,2",Alps termokrus med karabinkrok
svart ensfarget,"Perk farget espressokrus. Keramisk espressokrus med trendy fargede overflater. EN12875-1-kompatibel; kan kjøres i oppvaskmaskin, også når dekorert. Volumet er 80ml. Presentert i hvit pappeske. Keramikk.",10054400,https://prodimg.unpr.io/itemimage/800/products/500/15b67ac6c2cee0.jpg,https://www.xpressprofil.no/sortiment/kopper-glass/kopper-porselen/109046580-291660/perk-farget-espressokrus,Keramikk.,"24,83",Perk farget espressokrus
hvit,Drench 300 ml kopp i plast. Plastkopp med enkeltvegg. Et budsjettvennlig valg for gjenbrukbare drikkekopper. Laget av slitesterk polypropolyne. Volumkapasiteten er 300 ml. Laget i Storbritannia. PP-plast.,21003905,https://prodimg.unpr.io/itemimage/800/products/500/15c3c007c2edd2.jpg,https://www.xpressprofil.no/sortiment/kopper-glass/kopper-plast/127521340-359115/drench-300-ml-kopp-i-plast,PP-plast,"8,28",Drench 300 ml kopp i plast
hvit,"Nordic vakuum isolert termokrus. Vår nye keramiske innside gir drikken en forbedret naturlig smak, og gjør dermed dette kruset til den perfekte gave. Kobberisolasjon gjør at drikken holder seg kald i 24 timer og varm i minst 8 timer samtidig som den også forhindrer kondens på utsiden av kruset. Lokk med skyvefunksjon. Volum 500 ml. Leveres i Avenue gaveeske. Rustfritt stål.",10048002,https://prodimg.unpr.io/itemimage/800/products/500/15988068a132d5.jpg,https://www.xpressprofil.no/sortiment/kopper-glass/termokrus/90720340-229165/nordic-vakuum-isolert-termokrus,Rustfritt stål.,210,Nordic vakuum isolert termokrus
Gul,"Nadu krus med skje. Trendy design keramisk krus med integrert skjeholder i håndtaket. Kruset har farget innerside med matchende farget skje. EN12875-1-kompatibel; kan kjøres i oppvaskmaskin, også når dekorert. Volumet er 250ml. Presentert i en hvit pappeske. Keramikk.",10052504,https://prodimg.unpr.io/itemimage/800/products/500/15b67ac210b272.jpg,https://www.xpressprofil.no/sortiment/kopper-glass/kopper-porselen/109034360-291624/nadu-krus-med-skje,Keramikk.,"32,07",Nadu krus med skje
grønn,"Nadu krus med skje. Trendy design keramisk krus med integrert skjeholder i håndtaket. Kruset har farget innerside med matchende farget skje. EN12875-1-kompatibel; kan kjøres i oppvaskmaskin, også når dekorert. Volumet er 250ml. Presentert i en hvit pappeske. Keramikk.",10052503,https://prodimg.unpr.io/itemimage/800/products/500/15b67ac1feeb90.jpg,https://www.xpressprofil.no/sortiment/kopper-glass/kopper-porselen/109034360-291623/nadu-krus-med-skje,Keramikk.,"32,07",Nadu krus med skje
grå,"Stone keramisk krus. Koselige keramisk krus med en matt finish og trendy campfiremønster. EN12875-1-kompatibel; kan kjøres i oppvaskmaskin, også når dekorert. Volumet er 590ml. Presentert i en Avenue gaveeske. Keramisk.",10052903,https://prodimg.unpr.io/itemimage/800/products/500/15b67ac3e0c481.jpg,https://www.xpressprofil.no/sortiment/kopper-glass/kopper-steintoy/109038120-291639/stone-keramisk-krus,Keramisk.,"55,9",Stone keramisk krus
svart ensfarget,"Stone keramisk krus. Koselige keramisk krus med en matt finish og trendy campfiremønster. EN12875-1-kompatibel; kan kjøres i oppvaskmaskin, også når dekorert. Volumet er 590ml. Presentert i en Avenue gaveeske. Keramisk.",10052900,https://prodimg.unpr.io/itemimage/800/products/500/15b67ac3c8c168.jpg,https://www.xpressprofil.no/sortiment/kopper-glass/kopper-steintoy/109038120-291637/stone-keramisk-krus,Keramisk.,"55,9",Stone keramisk krus
hvit,"Corzo kobber vakuumisolert termokrus. Holder din drikke varm i 6 timer og kald i 24 timer. Dobbeltvegget vakuumkonstruksjon i rustfritt stål med kobberisolasjon, som også forhindrer kondens på utsiden. Spray pulverlakk på utsiden. Transparent lokk med ",10051602,https://prodimg.unpr.io/itemimage/800/products/500/15b149d9eb06dc.jpg,https://www.xpressprofil.no/sortiment/kopper-glass/termokrus/107960880-287906/corzo-kobber-vakuumisolert-termokrus,Rustfritt stål.,"124,2",Corzo kobber vakuumisolert termokrus
"rød,svart ensfarget",Daytona termokrus. Krus med doble vegger og skrukork som åpnes med tommelen. Volum 400 ml. PP-plast.,19538720,https://prodimg.unpr.io/itemimage/800/products/500/15963805ff24dd.jpg,https://www.xpressprofil.no/sortiment/kopper-glass/termokrus/90256920-227491/daytona-termokrus,PP-plast.,"35,17",Daytona termokrus
svart ensfarget,Daytona termokrus. Krus med doble vegger og skrukork som åpnes med tommelen. Volum 400 ml. PP-plast.,19538718,https://prodimg.unpr.io/itemimage/800/products/500/15963805f5e619.jpg,https://www.xpressprofil.no/sortiment/kopper-glass/termokrus/90256920-227489/daytona-termokrus,PP-plast.,"35,17",Daytona termokrus
sølv,Traverse 2-i-1 isolerende flaske. Designet med et flott geometriske utseende på det indre rustfrie stålet som gir en god visuell opplevelse. Den indre stålflasken kan taes ut slik at man kan benytte den ytre flasken som er produsert av slitesterkt Eastman Tritan materiale separat. Flasken har flipokk og er lekkasjefri. Leveres i Elleven gaveeske. Volumkapasitet er 475ml. BPA fri Eastman Tritan materiale utvendig og rustfritt stål innvendig.,10043201,https://prodimg.unpr.io/itemimage/800/products/500/15963628776db0.jpg,https://www.xpressprofil.no/sortiment/kopper-glass/termokrus/88904260-223624/traverse-2-i-1-isolerende-flaske,BPA fri Eastman Tritan? materiale utvendig og rustfritt stål innvendig.,"184,2",Traverse 2-i-1 isolerende flaske
sølv,"Traverse beger. Vakuumisolert beger i rustfritt stål med doble vegger og vippelokk og et intrikat, geometrisk utskjært design. Volum på 475 ml. Leveres i Elleven gaveeske. Rustfritt stål.",10039501,https://prodimg.unpr.io/itemimage/800/products/500/15963620d012e2.jpg,https://www.xpressprofil.no/sortiment/kopper-glass/termokrus/88880760-223551/traverse-beger,Rustfritt stål.,"218,3",Traverse beger
svart ensfarget,"Corzo kobber vakuumisolert termokrus. Holder din drikke varm i 6 timer og kald i 24 timer. Dobbeltvegget vakuumkonstruksjon i rustfritt stål med kobberisolasjon, som også forhindrer kondens på utsiden. Spray pulverlakk på utsiden. Transparent lokk med ",10051600,https://prodimg.unpr.io/itemimage/800/products/500/15b149d9cafec7.jpg,https://www.xpressprofil.no/sortiment/kopper-glass/termokrus/107960880-287904/corzo-kobber-vakuumisolert-termokrus,Rustfritt stål.,"124,2",Corzo kobber vakuumisolert termokrus
blå,"Nadu krus med skje. Trendy design keramisk krus med integrert skjeholder i håndtaket. Kruset har farget innerside med matchende farget skje. EN12875-1-kompatibel; kan kjøres i oppvaskmaskin, også når dekorert. Volumet er 250ml. Presentert i en hvit pappeske. Keramikk.",10052501,https://prodimg.unpr.io/itemimage/800/products/500/15b67ac1da4667.jpg,https://www.xpressprofil.no/sortiment/kopper-glass/kopper-porselen/109034360-291621/nadu-krus-med-skje,Keramikk.,"32,07",Nadu krus med skje
sølv,"Torino beger. Beger med doble vegger og skrulokk med skyvelås. Volum på 450 ml. Utside i rustfritt stål, innside i AS-plast.",10038103,https://prodimg.unpr.io/itemimage/800/products/500/1596361fa0fea5.jpg,https://www.xpressprofil.no/sortiment/kopper-glass/termokrus/88875120-223539/torino-beger,"Utside i rustfritt stål, innside i AS-plast.","104,5",Torino beger
grønn,"Torino beger. Beger med doble vegger og skrulokk med skyvelås. Volum på 450 ml. Utside i rustfritt stål, innside i AS-plast.",10038102,https://prodimg.unpr.io/itemimage/800/products/500/1596361f9cbea3.jpg,https://www.xpressprofil.no/sortiment/kopper-glass/termokrus/88875120-223538/torino-beger,"Utside i rustfritt stål, innside i AS-plast.","104,5",Torino beger
svart ensfarget,"Torino beger. Beger med doble vegger og skrulokk med skyvelås. Volum på 450 ml. Utside i rustfritt stål, innside i AS-plast.",10038100,https://prodimg.unpr.io/itemimage/800/products/500/1596361f953db6.jpg,https://www.xpressprofil.no/sortiment/kopper-glass/termokrus/88875120-223536/torino-beger,"Utside i rustfritt stål, innside i AS-plast.","104,5",Torino beger
svart ensfarget,"Flow lekkasjesikkert termobeger. Flow beger er et skumisolert beger med doble vegger. Det er utstyrt med enhånds skrulokk med lekkasjesikker funksjon som sørger for at drikken din holder seg på plass. Silikonringen i bunnen gjør begeret sklisikkert. Volum 350ml. Vinner av «Red Dot 2014» og IF Award Winner 2014. Leveres i gaveeske. Eksklusiv design. Rustfritt stål på utsiden, plast på innsiden.",10030804,https://prodimg.unpr.io/itemimage/800/products/500/1596360f795a54.jpg,https://www.xpressprofil.no/sortiment/kopper-glass/termokrus/88838460-223398/flow-lekkasjesikkert-termobeger,"Rustfritt stål på utsiden, plast på innsiden.",150,Flow lekkasjesikkert termobeger
"hvit,prosessblå","Flow lekkasjesikkert termobeger. Flow beger er et skumisolert beger med doble vegger. Det er utstyrt med enhånds skrulokk med lekkasjesikker funksjon som sørger for at drikken din holder seg på plass. Silikonringen i bunnen gjør begeret sklisikkert. Volum 350ml. Vinner av «Red Dot 2014» og IF Award Winner 2014. Leveres i gaveeske. Eksklusiv design. Rustfritt stål på utsiden, plast på innsiden.",10030800,https://prodimg.unpr.io/itemimage/800/products/500/1596360f715aa2.jpg,https://www.xpressprofil.no/sortiment/kopper-glass/termokrus/88838460-223395/flow-lekkasjesikkert-termobeger,"Rustfritt stål på utsiden, plast på innsiden.",150,Flow lekkasjesikkert termobeger
svart ensfarget,"Nadu krus med skje. Trendy design keramisk krus med integrert skjeholder i håndtaket. Kruset har farget innerside med matchende farget skje. EN12875-1-kompatibel; kan kjøres i oppvaskmaskin, også når dekorert. Volumet er 250ml. Presentert i en hvit pappeske. Keramikk.",10052500,https://prodimg.unpr.io/itemimage/800/products/500/15b67ac1c49473.jpg,https://www.xpressprofil.no/sortiment/kopper-glass/kopper-porselen/109034360-291620/nadu-krus-med-skje,Keramikk.,"32,07",Nadu krus med skje
svart ensfarget,"Nordic vakuum isolert termokrus. Vår nye keramiske innside gir drikken en forbedret naturlig smak, og gjør dermed dette kruset til den perfekte gave. Kobberisolasjon gjør at drikken holder seg kald i 24 timer og varm i minst 8 timer samtidig som den også forhindrer kondens på utsiden av kruset. Lokk med skyvefunksjon. Volum 500 ml. Leveres i Avenue gaveeske. Rustfritt stål.",10048000,https://prodimg.unpr.io/itemimage/800/products/500/15988068991429.jpg,https://www.xpressprofil.no/sortiment/kopper-glass/termokrus/90720340-229163/nordic-vakuum-isolert-termokrus,Rustfritt stål.,210,Nordic vakuum isolert termokrus
Gul,Drench 300 ml kopp i plast. Plastkopp med enkeltvegg. Et budsjettvennlig valg for gjenbrukbare drikkekopper. Laget av slitesterk polypropolyne. Volumkapasiteten er 300 ml. Laget i Storbritannia. PP-plast.,21003904,https://prodimg.unpr.io/itemimage/800/products/500/15c3c007b0f6bc.jpg,https://www.xpressprofil.no/sortiment/kopper-glass/kopper-plast/127521340-359114/drench-300-ml-kopp-i-plast,PP-plast,"8,28",Drench 300 ml kopp i plast
frostet grønn,Drench 300 ml kopp i plast. Plastkopp med enkeltvegg. Et budsjettvennlig valg for gjenbrukbare drikkekopper. Laget av slitesterk polypropolyne. Volumkapasiteten er 300 ml. Laget i Storbritannia. PP-plast.,21003902,https://prodimg.unpr.io/itemimage/800/products/500/15c3c0078ca12c.jpg,https://www.xpressprofil.no/sortiment/kopper-glass/kopper-plast/127521340-359112/drench-300-ml-kopp-i-plast,PP-plast,"8,28",Drench 300 ml kopp i plast
gjennomsiktig,Drench 300 ml kopp i plast. Plastkopp med enkeltvegg. Et budsjettvennlig valg for gjenbrukbare drikkekopper. Laget av slitesterk polypropolyne. Volumkapasiteten er 300 ml. Laget i Storbritannia. PP-plast.,21003901,https://prodimg.unpr.io/itemimage/800/products/500/15c3c0077e1e91.jpg,https://www.xpressprofil.no/sortiment/kopper-glass/kopper-plast/127521340-359111/drench-300-ml-kopp-i-plast,PP-plast,"8,28",Drench 300 ml kopp i plast
oransje,Pix farget sublimerings-popkrus. Dette klassisk designede keramiske kruset har et spesielt belegg for sublimering. Krus har farget innerside med matchende farget håndtak. Volumet er 330ml. Presentert i en hvit pappeske. Keramikk.,10052205,https://prodimg.unpr.io/itemimage/800/products/500/15b67ac113d08b.jpg,https://www.xpressprofil.no/sortiment/kopper-glass/termokrus/109031540-291617/pix-farget-sublimerings-popkrus,Keramikk.,"35,17",Pix farget sublimerings-popkrus
hvit,"Valhalla kobber vakuumisolert termokrus med håndtak. Trendy termokrus med korkdetaljer for deg som ønsker å skille deg ut. Dobbeltvegget vakuumkonstruksjon i rustfritt stål med kobberisolasjon, som også forhindrer kondens på utsiden. Holder din drikke varm i 8 timer og kald i 24 timer. Transparent lokk med god drikkeåpning. Volum 500 ml. Avenue gaveeske. Rustfritt stål.",10046802,https://prodimg.unpr.io/itemimage/800/products/500/15988066f26eb4.jpg,https://www.xpressprofil.no/sortiment/kopper-glass/termokrus/90712820-229141/valhalla-kobber-vakuumisolert-termokrus-med-handtak,Rustfritt stål.,"226,6",Valhalla kobber vakuumisolert termokrus med håndtak
hvit,"Valhalla kobber vakuumisolert termokrus uten håndtak. Trendy termokrus med korkdetaljer for deg som ønsker å skille deg ut. Dobbeltvegget vakuumkonstruksjon i rustfritt stål med kobberisolasjon, som også forhindrer kondens på utsiden. Holder din drikke varm i 8 timer og kald i 24 timer. Transparent lokk med god drikkeåpning. Volum 500 ml. Avenue gaveeske. Rustfritt stål.",10046702,https://prodimg.unpr.io/itemimage/800/products/500/15988066c9e3f0.jpg,https://www.xpressprofil.no/sortiment/kopper-glass/termokrus/90711880-229138/valhalla-kobber-vakuumisolert-termokrus-uten-handtak,Rustfritt stål.,210,Valhalla kobber vakuumisolert termokrus uten håndtak
"hvit,oransje",Zamzam beger. Beger med doble vegger og skrulokk. Volum 330 ml. BPA-fri PP plast.,10035404,https://prodimg.unpr.io/itemimage/800/products/500/15963618ae3d05.jpg,https://www.xpressprofil.no/sortiment/kopper-glass/termokrus/88860080-223483/zamzam-beger,BPA-fri PP plast.,"27,93",Zamzam beger
lime,Mojave termobeger. Beger med doble vegger og skrulokk med vippetut. Volum 300 ml. Rustfritt stål og PP-plast.,10035305,https://prodimg.unpr.io/itemimage/800/products/500/15c3bfb7f6cd2b.jpg,https://www.xpressprofil.no/sortiment/kopper-glass/termokrus/88859140-358358/mojave-termobeger,Rustfritt stål og PP-plast.,"46,55",Mojave termobeger
turkis,"Pika 330 ml vakuumisolert termokopp og isolerende drikkebeholder. Dobbeltveggskonstruksjon, vakuumisolert. Gjennomsiktig trykklokk med skyvelukning. Fungerer som termokopp eller isolerende beholder for drikke. Volumkapasitet på 330 ml. Rustfritt stål.",10054706,https://prodimg.unpr.io/itemimage/800/products/500/15c85cf7f86603.jpg,https://www.xpressprofil.no/sortiment/kopper-glass/termokrus/121583360-381370/pika-330%C2%A0ml-vakuumisolert-termokopp-og-isolerende-drikkebeholder,Rustfritt stål.,"115,9",Pika 330 ml vakuumisolert termokopp og isolerende drikkebeholder
"oransje,hvit","Java keramikkrus. Tofarget keramikkrus i klassisk design, 330 ml. Tåler oppvaskmaskin, også når med dekor. Leveres i hvit kartongeske. Keramikk.",10036506,https://prodimg.unpr.io/itemimage/800/products/500/15c3bfb82c2b53.jpg,https://www.xpressprofil.no/sortiment/kopper-glass/kopper-steintoy/88864780-358361/java-keramikkrus,Keramikk.,"28,97",Java keramikkrus
"sølv,hvit","Elwood termobeger. Beger med doble vegger og skrukork som åpnes med tommelen. Volum 470 ml. Rustfritt stål på utsiden, plast på innsiden.",10031005,https://prodimg.unpr.io/itemimage/800/products/500/15c3bfb7d01f85.jpg,https://www.xpressprofil.no/sortiment/kopper-glass/termokrus/88839400-358355/elwood-termobeger,"Rustfritt stål på utsiden, plast på innsiden.","56,9",Elwood termobeger
lime,"Santos keramikkrus. Keramikkrus i klassisk design, 330 ml. I samsvar med EN12875-1. Tåler oppvaskmaskin, også når kruset har dekor. Leveres i hvit kartongeske. Keramikk.",10037805,https://prodimg.unpr.io/itemimage/800/products/500/15c3bfb859eda2.jpg,https://www.xpressprofil.no/sortiment/kopper-glass/kopper-steintoy/88873240-358363/santos-keramikkrus,Keramikk.,"34,14",Santos keramikkrus
grønn,"Santos keramikkrus. Keramikkrus i klassisk design, 330 ml. I samsvar med EN12875-1. Tåler oppvaskmaskin, også når kruset har dekor. Leveres i hvit kartongeske. Keramikk.",10037804,https://prodimg.unpr.io/itemimage/800/products/500/15c3bfb843008f.jpg,https://www.xpressprofil.no/sortiment/kopper-glass/kopper-steintoy/88873240-358362/santos-keramikkrus,Keramikk.,"34,14",Santos keramikkrus
oransje,"Santos keramikkrus. Keramikkrus i klassisk design, 330 ml. I samsvar med EN12875-1. Tåler oppvaskmaskin, også når kruset har dekor. Leveres i hvit kartongeske. Keramikk.",10037803,https://prodimg.unpr.io/itemimage/800/products/500/1596361e62ceaa.jpg,https://www.xpressprofil.no/sortiment/kopper-glass/kopper-steintoy/88873240-223531/santos-keramikkrus,Keramikk.,"34,14",Santos keramikkrus
blå,"Santos keramikkrus. Keramikkrus i klassisk design, 330 ml. I samsvar med EN12875-1. Tåler oppvaskmaskin, også når kruset har dekor. Leveres i hvit kartongeske. Keramikk.",10037801,https://prodimg.unpr.io/itemimage/800/products/500/1596361e50609c.jpg,https://www.xpressprofil.no/sortiment/kopper-glass/kopper-steintoy/88873240-223529/santos-keramikkrus,Keramikk.,"34,14",Santos keramikkrus
svart ensfarget,"Santos keramikkrus. Keramikkrus i klassisk design, 330 ml. I samsvar med EN12875-1. Tåler oppvaskmaskin, også når kruset har dekor. Leveres i hvit kartongeske. Keramikk.",10037800,https://prodimg.unpr.io/itemimage/800/products/500/1596361e4b787f.jpg,https://www.xpressprofil.no/sortiment/kopper-glass/kopper-steintoy/88873240-223528/santos-keramikkrus,Keramikk.,"34,14",Santos keramikkrus
"sølv,oransje","Elwood termobeger. Beger med doble vegger og skrukork som åpnes med tommelen. Volum 470 ml. Rustfritt stål på utsiden, plast på innsiden.",10031004,https://prodimg.unpr.io/itemimage/800/products/500/1596360fe7155c.jpg,https://www.xpressprofil.no/sortiment/kopper-glass/termokrus/88839400-223403/elwood-termobeger,"Rustfritt stål på utsiden, plast på innsiden.","56,9",Elwood termobeger
"sølv,limegrønn","Elwood termobeger. Beger med doble vegger og skrukork som åpnes med tommelen. Volum 470 ml. Rustfritt stål på utsiden, plast på innsiden.",10031003,https://prodimg.unpr.io/itemimage/800/products/500/1596360fe47304.jpg,https://www.xpressprofil.no/sortiment/kopper-glass/termokrus/88839400-223402/elwood-termobeger,"Rustfritt stål på utsiden, plast på innsiden.","56,9",Elwood termobeger
"sølv,svart ensfarget","Elwood termobeger. Beger med doble vegger og skrukork som åpnes med tommelen. Volum 470 ml. Rustfritt stål på utsiden, plast på innsiden.",10031001,https://prodimg.unpr.io/itemimage/800/products/500/1596360fde89da.jpg,https://www.xpressprofil.no/sortiment/kopper-glass/termokrus/88839400-223400/elwood-termobeger,"Rustfritt stål på utsiden, plast på innsiden.","56,9",Elwood termobeger
"sølv,blå","Elwood termobeger. Beger med doble vegger og skrukork som åpnes med tommelen. Volum 470 ml. Rustfritt stål på utsiden, plast på innsiden.",10031000,https://prodimg.unpr.io/itemimage/800/products/500/1596360fdbf65f.jpg,https://www.xpressprofil.no/sortiment/kopper-glass/termokrus/88839400-223399/elwood-termobeger,"Rustfritt stål på utsiden, plast på innsiden.","56,9",Elwood termobeger
"lime,hvit","Java keramikkrus. Tofarget keramikkrus i klassisk design, 330 ml. Tåler oppvaskmaskin, også når med dekor. Leveres i hvit kartongeske. Keramikk.",10036505,https://prodimg.unpr.io/itemimage/800/products/500/15c3bfb81a4c3d.jpg,https://www.xpressprofil.no/sortiment/kopper-glass/kopper-steintoy/88864780-358360/java-keramikkrus,Keramikk.,"28,97",Java keramikkrus
"rød,hvit","Java keramikkrus. Tofarget keramikkrus i klassisk design, 330 ml. Tåler oppvaskmaskin, også når med dekor. Leveres i hvit kartongeske. Keramikk.",10036504,https://prodimg.unpr.io/itemimage/800/products/500/15c3bfb80623e8.jpg,https://www.xpressprofil.no/sortiment/kopper-glass/kopper-steintoy/88864780-358359/java-keramikkrus,Keramikk.,"28,97",Java keramikkrus
"grønn,hvit","Java keramikkrus. Tofarget keramikkrus i klassisk design, 330 ml. Tåler oppvaskmaskin, også når med dekor. Leveres i hvit kartongeske. Keramikk.",10036502,https://prodimg.unpr.io/itemimage/800/products/500/1596361b25e02b.jpg,https://www.xpressprofil.no/sortiment/kopper-glass/kopper-steintoy/88864780-223499/java-keramikkrus,Keramikk.,"28,97",Java keramikkrus
"blå,hvit","Java keramikkrus. Tofarget keramikkrus i klassisk design, 330 ml. Tåler oppvaskmaskin, også når med dekor. Leveres i hvit kartongeske. Keramikk.",10036501,https://prodimg.unpr.io/itemimage/800/products/500/1596361b2118c1.jpg,https://www.xpressprofil.no/sortiment/kopper-glass/kopper-steintoy/88864780-223498/java-keramikkrus,Keramikk.,"28,97",Java keramikkrus
lime,"Pika 330 ml vakuumisolert termokopp og isolerende drikkebeholder. Dobbeltveggskonstruksjon, vakuumisolert. Gjennomsiktig trykklokk med skyvelukning. Fungerer som termokopp eller isolerende beholder for drikke. Volumkapasitet på 330 ml. Rustfritt stål.",10054705,https://prodimg.unpr.io/itemimage/800/products/500/15c85cf7eb2c6d.jpg,https://www.xpressprofil.no/sortiment/kopper-glass/termokrus/121583360-381369/pika-330%C2%A0ml-vakuumisolert-termokopp-og-isolerende-drikkebeholder,Rustfritt stål.,"115,9",Pika 330 ml vakuumisolert termokopp og isolerende drikkebeholder
oransje,"Pika 330 ml vakuumisolert termokopp og isolerende drikkebeholder. Dobbeltveggskonstruksjon, vakuumisolert. Gjennomsiktig trykklokk med skyvelukning. Fungerer som termokopp eller isolerende beholder for drikke. Volumkapasitet på 330 ml. Rustfritt stål.",10054704,https://prodimg.unpr.io/itemimage/800/products/500/15c85cf7d62bf8.jpg,https://www.xpressprofil.no/sortiment/kopper-glass/termokrus/121583360-381368/pika-330%C2%A0ml-vakuumisolert-termokopp-og-isolerende-drikkebeholder,Rustfritt stål.,"115,9",Pika 330 ml vakuumisolert termokopp og isolerende drikkebeholder
kongeblå,"Pika 330 ml vakuumisolert termokopp og isolerende drikkebeholder. Dobbeltveggskonstruksjon, vakuumisolert. Gjennomsiktig trykklokk med skyvelukning. Fungerer som termokopp eller isolerende beholder for drikke. Volumkapasitet på 330 ml. Rustfritt stål.",10054702,https://prodimg.unpr.io/itemimage/800/products/500/15c3bfb9583291.jpg,https://www.xpressprofil.no/sortiment/kopper-glass/termokrus/121583360-358376/pika-330%C2%A0ml-vakuumisolert-termokopp-og-isolerende-drikkebeholder,Rustfritt stål.,"115,9",Pika 330 ml vakuumisolert termokopp og isolerende drikkebeholder
sølv,"Pika 330 ml vakuumisolert termokopp og isolerende drikkebeholder. Dobbeltveggskonstruksjon, vakuumisolert. Gjennomsiktig trykklokk med skyvelukning. Fungerer som termokopp eller isolerende beholder for drikke. Volumkapasitet på 330 ml. Rustfritt stål.",10054701,https://prodimg.unpr.io/itemimage/800/products/500/15c3bfb9466b50.jpg,https://www.xpressprofil.no/sortiment/kopper-glass/termokrus/121583360-358375/pika-330%C2%A0ml-vakuumisolert-termokopp-og-isolerende-drikkebeholder,Rustfritt stål.,"115,9",Pika 330 ml vakuumisolert termokopp og isolerende drikkebeholder
hvit,"Pika 330 ml vakuumisolert termokopp og isolerende drikkebeholder. Dobbeltveggskonstruksjon, vakuumisolert. Gjennomsiktig trykklokk med skyvelukning. Fungerer som termokopp eller isolerende beholder for drikke. Volumkapasitet på 330 ml. Rustfritt stål.",10054703,https://prodimg.unpr.io/itemimage/800/products/500/15bdfb27be4685.jpg,https://www.xpressprofil.no/sortiment/kopper-glass/termokrus/121583360-344497/pika-330%C2%A0ml-vakuumisolert-termokopp-og-isolerende-drikkebeholder,Rustfritt stål.,"115,9",Pika 330 ml vakuumisolert termokopp og isolerende drikkebeholder
svart ensfarget,"Pika 330 ml vakuumisolert termokopp og isolerende drikkebeholder. Dobbeltveggskonstruksjon, vakuumisolert. Gjennomsiktig trykklokk med skyvelukning. Fungerer som termokopp eller isolerende beholder for drikke. Volumkapasitet på 330 ml. Rustfritt stål.",10054700,https://prodimg.unpr.io/itemimage/800/products/500/15bdfb279e6912.jpg,https://www.xpressprofil.no/sortiment/kopper-glass/termokrus/121583360-344496/pika-330%C2%A0ml-vakuumisolert-termokopp-og-isolerende-drikkebeholder,Rustfritt stål.,"115,9",Pika 330 ml vakuumisolert termokopp og isolerende drikkebeholder
rød,Mojave termobeger. Beger med doble vegger og skrulokk med vippetut. Volum 300 ml. Rustfritt stål og PP-plast.,10035304,https://prodimg.unpr.io/itemimage/800/products/500/15c3bfb7e9869b.jpg,https://www.xpressprofil.no/sortiment/kopper-glass/termokrus/88859140-358357/mojave-termobeger,Rustfritt stål og PP-plast.,"46,55",Mojave termobeger
hvit,Mojave termobeger. Beger med doble vegger og skrulokk med vippetut. Volum 300 ml. Rustfritt stål og PP-plast.,10035303,https://prodimg.unpr.io/itemimage/800/products/500/15c3bfb7de22ae.jpg,https://www.xpressprofil.no/sortiment/kopper-glass/termokrus/88859140-358356/mojave-termobeger,Rustfritt stål og PP-plast.,"46,55",Mojave termobeger
blå,Mojave termobeger. Beger med doble vegger og skrulokk med vippetut. Volum 300 ml. Rustfritt stål og PP-plast.,10035301,https://prodimg.unpr.io/itemimage/800/products/500/1596361843cbc9.jpg,https://www.xpressprofil.no/sortiment/kopper-glass/termokrus/88859140-223477/mojave-termobeger,Rustfritt stål og PP-plast.,"46,55",Mojave termobeger
